key,english,translation,status
"months","Jan | Feb | Mar | Apr | May | Jun | Jul | Aug | Sep | Oct | Nov | Dec","Tháng 1 | Tháng 2 | Tháng 3 | Tháng 4 | Tháng 5 | Tháng 6 | Tháng 7 | Tháng 8 | Tháng 9 | Tháng 10 | Tháng 11 | Tháng 12","machine"
"all_year","all year","cả năm","machine"
"this_area","this area","khu vực này","machine"
"el_nino","El Niño","El Niño","machine"
"la_nina","La Niña","La Niña","machine"
"neutral","neutral conditions","trạng thái trung tính","machine"
"rain_much_wetter","much more rain than usual","mưa nhiều hơn bình thường rất nhiều","machine"
"rain_wetter","more rain than usual","mưa nhiều hơn bình thường","machine"
"rain_drier","less rain than usual","mưa ít hơn bình thường","machine"
"rain_much_drier","much less rain than usual","mưa ít hơn bình thường rất nhiều","machine"
"rain_near_normal","rain close to normal","mưa gần như bình thường","machine"
"rain_mixed","a mixed rain signal","tín hiệu mưa lẫn lộn","machine"
"rain_drier__north_and_east_","less rain than usual in the north and east","mưa ít hơn bình thường ở phía bắc và phía đông","machine"
"rain_wetter__north_and_east_","more rain than usual in the north and east","mưa nhiều hơn bình thường ở phía bắc và phía đông","machine"
"rain_drier__south_and_west_","less rain than usual in the south and west","mưa ít hơn bình thường ở phía nam và phía tây","machine"
"temp_warmer","warmer than usual","nóng hơn bình thường","machine"
"temp_cooler","cooler than usual","mát hơn bình thường","machine"
"temp_near_normal","temperatures close to normal","nhiệt độ gần như bình thường","machine"
"temp_warmer__winter___cooler__summer_","a milder winter and cooler summer","mùa đông ấm hơn và mùa hè mát hơn","machine"
"temp_cooler__winter___warmer__summer_","a colder winter and hotter summer","mùa đông lạnh hơn và mùa hè nóng hơn","machine"
"conf_likely","likely","nhiều khả năng xảy ra","machine"
"conf_leaning","leaning that way","hơi nghiêng theo hướng này","machine"
"conf_uncertain","uncertain","chưa chắc chắn","machine"
"headline","{name}: {rain} is {conf} in {season}.","{name}: {rain}, {conf}, vào {season}.","machine"
"headline_neutral","{name}: no El Niño or La Niña is active right now.","{name}: hiện không có El Niño hay La Niña.","machine"
"neutral_explain","Seasonal rain here will depend on other factors. Check back monthly; this page updates when conditions change.","Lượng mưa theo mùa ở đây sẽ phụ thuộc vào các yếu tố khác. Hãy xem lại mỗi tháng; trang này được cập nhật khi điều kiện thay đổi.","machine"
"timing_now","That season is happening now ({season}).","Mùa đó đang diễn ra ngay lúc này ({season}).","machine"
"timing_coming","That season starts in about {n} months ({season}).","Mùa đó bắt đầu sau khoảng {n} tháng ({season}).","machine"
"timing_passed","That season has passed for this event. The next one is {season}; by then the event may have faded.","Mùa đó đã qua đối với đợt này. Mùa tiếp theo là {season}; đến lúc đó đợt này có thể đã yếu đi.","machine"
"expect","During {phase}, {region} usually sees {rain} and {temp}.","Khi có {phase}, {region} thường có {rain} và {temp}.","machine"
"agreement_agree","The local rain record agrees with the known pattern, so this outlook is {conf}.","Số liệu mưa tại địa phương phù hợp với quy luật đã biết, nên dự báo này {conf}.","machine"
"agreement_disagree","The local rain record does not clearly agree with the known pattern, so treat this as {conf}.","Số liệu mưa tại địa phương không phù hợp rõ ràng với quy luật đã biết, nên hãy xem đây là điều {conf}.","machine"
"agreement_weak","Past events here were mixed, so treat this as {conf}.","Các đợt trước ở đây cho kết quả lẫn lộn, nên hãy xem đây là điều {conf}.","machine"
"agreement_none","There is no reliable local rain record for this season, so treat this as {conf}.","Không có số liệu mưa đáng tin cậy tại địa phương cho mùa này, nên hãy xem đây là điều {conf}.","machine"
"history","In the last {n} strong {phase} events, {season} rain here averaged {pct}. It was wetter than normal in {wet}% of them.","Trong {n} đợt {phase} mạnh gần đây nhất, lượng mưa {season} ở đây trung bình {pct}. Mưa nhiều hơn bình thường trong {wet}% số đợt đó.","machine"
"history_recent","Most recent events: {recent}.","Các đợt gần đây nhất: {recent}.","machine"
"pct_above","{n}% above normal","cao hơn bình thường {n}%","machine"
"pct_below","{n}% below normal","thấp hơn bình thường {n}%","machine"
"near_normal","close to normal","gần như bình thường","machine"
"no_data","no data","không có dữ liệu","machine"
"status_line","Global status: {status} (issued {issued}).","Tình hình toàn cầu: {status} (công bố {issued}).","machine"
"steps_title","What to do now","Việc nên làm bây giờ","machine"
"defer","For warnings, follow {service}. This briefing is a seasonal outlook, not a warning.","Về cảnh báo, hãy theo dõi {service}. Bản tin này là dự báo mùa, không phải cảnh báo.","machine"
"ui.app_name","ENSO Ready","ENSO Ready","machine"
"ui.tagline","What this El Niño means for you, and what to do about it.","El Niño này có ý nghĩa gì với bạn, và bạn nên làm gì.","machine"
"ui.search_label","Where do you live?","Bạn sống ở đâu?","machine"
"ui.search_placeholder","Type a town or city","Nhập tên thị trấn hoặc thành phố","machine"
"ui.use_location","Use my location","Dùng vị trí của tôi","machine"
"ui.see_briefing","See my briefing","Xem bản tin của tôi","machine"
"ui.livelihood_q","What best describes you?","Điều nào đúng nhất với bạn?","machine"
"ui.livelihood_farmer","I farm or keep animals","Tôi trồng trọt hoặc chăn nuôi","machine"
"ui.livelihood_coastal","I live near the coast or a river","Tôi sống gần biển hoặc gần sông","machine"
"ui.livelihood_urban","I live in a town or city","Tôi sống ở thị trấn hoặc thành phố","machine"
"ui.livelihood_all","Just show me everything","Cứ cho tôi xem tất cả","machine"
"ui.tell_more","Tell me more","Cho tôi biết thêm","machine"
"ui.show_less","Show less","Thu gọn","machine"
"ui.step_of","Step {i} of {n}","Bước {i} trên {n}","machine"
"ui.why_matters","Why this matters","Vì sao điều này quan trọng","machine"
"ui.done","Done","Xong","machine"
"ui.next_step","Next step","Bước tiếp theo","machine"
"ui.show_all_steps","Show all steps","Xem tất cả các bước","machine"
"ui.minutes","about {n} minutes","khoảng {n} phút","machine"
"ui.what_now","What should I do right now?","Tôi nên làm gì ngay bây giờ?","machine"
"ui.read_aloud","Read aloud","Đọc to","machine"
"ui.radio_script","30-second radio script","Bản đọc phát thanh 30 giây","machine"
"ui.sms_text","SMS version","Bản tin nhắn SMS","machine"
"ui.sources","Sources","Nguồn","machine"
"ui.updated","Data updated {date}","Dữ liệu cập nhật ngày {date}","machine"
"ui.offline_note","You are offline. Showing your last briefing from {date}.","Bạn đang ngoại tuyến. Đang hiển thị bản tin gần nhất của bạn từ ngày {date}.","machine"
"ui.mt_banner","Machine-translated. Tap to suggest a fix.","Dịch bằng máy. Chạm để góp ý sửa.","machine"
"ui.settings","Settings","Cài đặt","machine"
"ui.text_size","Text size","Cỡ chữ","machine"
"ui.high_contrast","High contrast","Độ tương phản cao","machine"
"ui.reduce_motion","Reduce motion","Giảm chuyển động","machine"
"ui.easy_read","Easy Read","Bản dễ đọc","machine"
"ui.methodology","How this works","Cách chúng tôi làm bản tin này","machine"
"ui.back","Back","Quay lại","machine"
"ui.change_place","Change place","Đổi địa điểm","machine"
"ui.no_results","No match. Try a bigger town nearby.","Không tìm thấy. Hãy thử một thị trấn lớn hơn ở gần đó.","machine"
"ui.region_label","Region","Vùng","machine"
"ui.share","Share this briefing","Chia sẻ bản tin này","machine"
"ui.no_js","Search needs JavaScript. Without it, pick your country below.","Phần tìm kiếm cần JavaScript. Nếu không có, hãy chọn nước của bạn ở bên dưới.","machine"
"ui.forecast_unavailable","Seasonal model forecast not available right now (offline or busy). The outlook above uses the known pattern and past events.","Hiện chưa có dự báo mùa từ mô hình (ngoại tuyến hoặc hệ thống đang bận). Phần dự báo ở trên dựa trên quy luật đã biết và những lần đã xảy ra trước đây.","machine"
"ui.data_note","Data: {list}.","Dữ liệu: {list}.","machine"
"ui.near","near {name}","gần {name}","machine"
"ui.pick_map","Pick on a map","Chọn trên bản đồ","machine"
"ui.map_hint","Tap your location on the map. Zoom in for villages.","Chạm vào vị trí của bạn trên bản đồ. Phóng to để thấy các làng.","machine"
"ui.skip","Skip to main content","Chuyển tới nội dung chính","machine"
"ui.dyslexia","Dyslexia-friendly spacing","Giãn chữ cho người mắc chứng khó đọc","machine"
"ui.steps_shortcut_hint","Jumps to your first step.","Chuyển tới bước đầu tiên của bạn.","machine"
"ui.loading","Getting your briefing…","Đang lấy bản tin của bạn…","machine"
"ui.error_title","We could not load your briefing.","Chúng tôi không tải được bản tin của bạn.","machine"
"ui.error_body","Check your connection and try again. Your last briefing, if you had one, is kept on this phone.","Hãy kiểm tra kết nối rồi thử lại. Bản tin gần nhất, nếu bạn đã có, vẫn được lưu trên điện thoại này.","machine"
"ui.retry","Try again","Thử lại","machine"
"timing_coming_one","That season starts next month ({season}).","Mùa đó bắt đầu vào tháng sau ({season}).","machine"
"hazards.FL","flooding","ngập lụt","machine"
"hazards.FLR","river flooding","lũ sông","machine"
"hazards.FF","flash floods","lũ quét","machine"
"hazards.LS","landslides","sạt lở đất","machine"
"hazards.DR","drought","hạn hán","machine"
"hazards.WS","water shortage","thiếu nước","machine"
"hazards.WF","fires","cháy rừng","machine"
"hazards.HZ","smoke haze","khói mù","machine"
"hazards.HT","extreme heat","nắng nóng gay gắt","machine"
"hazards.EP","disease outbreaks","bùng phát dịch bệnh","machine"
"hazards.CH","cholera","bệnh tả","machine"
"hazards.RVF","Rift Valley fever","sốt thung lũng Rift","machine"
"hazards.CS","crop stress","cây trồng bị suy yếu","machine"
"hazards.CF","crop failure","mất mùa","machine"
"hazards.FI","food shortages","thiếu lương thực","machine"
"hazards.TC","tropical storms","bão nhiệt đới","machine"
"hazards.TCE","tropical storms reaching farther east","bão nhiệt đới đi xa hơn về phía đông","machine"
"hazards.ST","storms","giông bão","machine"
"hazards.HS","high seas","sóng lớn trên biển","machine"
"hazards.SI","salt water in wells","nước mặn trong giếng","machine"
"hazards.FR","highland frost","sương giá ở vùng núi cao","machine"
"hazards.SN","low snowpack","lớp tuyết mỏng","machine"
"hazards.HSN","heavy snow","tuyết rơi dày","machine"
"hazards.CD","cold spells","đợt rét","machine"
"hazards.FLS","spring floods","lũ mùa xuân","machine"
"hazards.MW","a mild winter","một mùa đông ấm","machine"
"hazards.CU","a cool summer","một mùa hè mát","machine"
"season_with_local","{season} ({local})","{season} ({local})","machine"
"risks","Main risks: {list}.","Rủi ro chính: {list}.","machine"
"list_sep",", ",", ","machine"
"list_last"," and "," và ","machine"
"forecast","The latest seasonal model forecast for {season} says {pct}.","Dự báo mới nhất của mô hình theo mùa cho {season} cho biết {pct}.","machine"
"forecast_agree","That agrees with the usual pattern.","Điều này phù hợp với quy luật thường thấy.","machine"
"forecast_disagree","That does not agree with the usual pattern, so confidence is lower.","Điều này không phù hợp với quy luật thường thấy, nên độ tin cậy thấp hơn.","machine"
"forecast_weak","That is close to normal, so the pattern may be weaker this time.","Mức này gần với bình thường, nên lần này quy luật có thể yếu hơn.","machine"
"forecast_none","","","machine"
"forecast_partial","(Forecast covers {n} of {of} months.)","(Dự báo chỉ tính {n} trong {of} tháng.)","machine"
"history_few","Too few past events have data here to give a local average.","Có quá ít đợt trong quá khứ có dữ liệu ở đây, nên không tính được mức trung bình cho địa phương.","machine"
"local_seasons.spring and summer","spring and summer","mùa xuân và mùa hè","machine"
"local_seasons.winter and spring","winter and spring","mùa đông và mùa xuân","machine"
"local_seasons.the build-up and wet season","the build-up and wet season","giai đoạn trước mùa mưa và mùa mưa","machine"
"local_seasons.the monsoon","the monsoon","mùa gió mùa","machine"
"local_seasons.the summer rains","the summer rains","mưa mùa hè","machine"
"local_seasons.the Nordeste rainy season","the Nordeste rainy season","mùa mưa vùng Nordeste","machine"
"local_seasons.the Amazon dry season","the Amazon dry season","mùa khô vùng Amazon","machine"
"local_seasons.the plum rains and summer flood season","the plum rains and summer flood season","mùa mưa mai vũ và mùa lũ mùa hè","machine"
"local_seasons.the dry season","the dry season","mùa khô","machine"
"local_seasons.the coastal rainy season","the coastal rainy season","mùa mưa vùng ven biển","machine"
"local_seasons.the Belg/Deyr rains","the Belg/Deyr rains","mưa Belg/Deyr","machine"
"local_seasons.the Kiremt rains","the Kiremt rains","mưa Kiremt","machine"
"local_seasons.the wet season","the wet season","mùa mưa","machine"
"local_seasons.the rainy season and canícula","the rainy season and canícula","mùa mưa và canícula","machine"
"local_seasons.musim kemarau","musim kemarau","musim kemarau","machine"
"local_seasons.the southwest monsoon","the southwest monsoon","gió mùa tây nam","machine"
"local_seasons.the northeast monsoon","the northeast monsoon","gió mùa đông bắc","machine"
"local_seasons.the winter rains","the winter rains","mưa mùa đông","machine"
"local_seasons.the short rains","the short rains","mùa mưa ngắn","machine"
"local_seasons.the Maha season rains","the Maha season rains","mưa mùa Maha","machine"
"local_seasons.the rainy season","the rainy season","mùa mưa","machine"
"local_seasons.winter","winter","mùa đông","machine"
"local_seasons.the highland rains","the highland rains","mưa vùng cao","machine"
"local_seasons.the Deyr rains","the Deyr rains","mưa Deyr","machine"
"local_seasons.the Vuli rains","the Vuli rains","mưa Vuli","machine"
"local_seasons.the second rains","the second rains","mùa mưa thứ hai","machine"
"local_seasons.spring","spring","mùa xuân","machine"
"pct_above_cap","more than {n}% above normal","cao hơn mức bình thường hơn {n}%","machine"
"steps.flood-docs.text","Put ID cards, land papers and phone numbers in a sealed plastic bag.","Cho giấy tờ tùy thân, giấy tờ đất và số điện thoại vào một túi ni lông buộc kín.","machine"
"steps.flood-docs.why","Papers are the hardest thing to replace after a flood.","Giấy tờ là thứ khó làm lại nhất sau khi lũ đi qua.","machine"
"steps.flood-route.text","Agree with your household on a high place to go and a way to get there.","Cùng cả nhà chọn một nơi cao để đến và một đường đi tới đó.","machine"
"steps.flood-route.why","Deciding in the dark, in the rain, is when people get hurt.","Người ta hay bị thương khi phải quyết định trong đêm tối và trong mưa.","machine"
"steps.flood-water.text","Store clean drinking water in closed containers, enough for three days.","Trữ nước uống sạch trong bình kín, đủ dùng ba ngày.","machine"
"steps.flood-water.why","Floods pollute wells and taps first.","Lũ làm bẩn giếng và vòi nước trước tiên.","machine"
"steps.flood-drains.text","Clear drains, gutters and channels near your home now.","Dọn sạch rãnh, máng nước và kênh gần nhà ngay bây giờ.","machine"
"steps.flood-drains.why","Blocked drains turn heavy rain into a flood in your yard.","Rãnh bị tắc làm mưa lớn thành ngập nước trong sân nhà bạn.","machine"
"steps.flood-raise.text","Move food, seeds, fertiliser and valuables off the floor.","Đưa lương thực, hạt giống, phân bón và đồ có giá trị lên cao, không để trên sàn.","machine"
"steps.flood-raise.why","Even shallow water ruins stored food and seed.","Nước ngập nông cũng làm hỏng lương thực và hạt giống đang trữ.","machine"
"steps.flood-animals.text","Plan where animals can go on higher ground.","Tính trước chỗ cao hơn để đưa vật nuôi đến.","machine"
"steps.flood-animals.why","Livestock losses are often the biggest cost of a flood.","Mất vật nuôi thường là thiệt hại lớn nhất của một đợt lũ.","machine"
"steps.flood-warnings.text","Find out how your local warnings are given: radio, SMS, loudspeaker or a neighbour.","Tìm hiểu cách địa phương bạn phát tin cảnh báo: radio, tin nhắn SMS, loa phát thanh hay người láng giềng.","machine"
"steps.flood-warnings.why","The official warning is the signal to act.","Tin cảnh báo chính thức là dấu hiệu để bắt đầu làm.","machine"
"steps.flood-medical.text","Keep a week of any daily medicines in the emergency bag.","Để sẵn trong túi khẩn cấp thuốc uống hằng ngày đủ cho một tuần.","machine"
"steps.flood-medical.why","Clinics may be cut off for days.","Trạm y tế có thể bị chia cắt nhiều ngày.","machine"
"steps.river-level.text","Learn where the river reached in the last big flood and stay above that line.","Tìm hiểu nước sông lên tới đâu trong đợt lũ lớn gần nhất và hãy ở phía trên mức đó.","machine"
"steps.river-level.why","Past high-water marks are the best local guide.","Vết nước lũ cũ là chỉ dẫn tốt nhất ở địa phương.","machine"
"steps.flash-avoid.text","Never cross a flooded road or dry riverbed during heavy rain.","Không bao giờ đi qua đường bị ngập hay lòng sông cạn khi đang mưa lớn.","machine"
"steps.flash-avoid.why","Most flash-flood deaths happen in vehicles and river crossings.","Phần lớn người chết vì lũ quét là khi đi trên xe và khi qua sông.","machine"
"steps.slide-signs.text","Watch for new cracks, tilting trees or springs on slopes above your home.","Để ý các vết nứt mới, cây nghiêng hoặc mạch nước mới trên sườn đồi phía trên nhà bạn.","machine"
"steps.slide-signs.why","Slopes give warning signs before they fail.","Sườn đồi thường có dấu hiệu báo trước khi sạt lở.","machine"
"steps.slide-move.text","If you live below a steep slope, arrange a safer place to sleep during heavy rain.","Nếu bạn sống dưới sườn đồi dốc, hãy sắp xếp một chỗ ngủ an toàn hơn trong những ngày mưa lớn.","machine"
"steps.slide-move.why","Landslides mostly strike at night after days of rain.","Sạt lở đất phần lớn xảy ra vào ban đêm, sau nhiều ngày mưa.","machine"
"steps.drought-store.text","Fix leaks and add water storage: tanks, drums, or a covered pit.","Sửa các chỗ rò rỉ và làm thêm chỗ trữ nước: bồn, thùng, hoặc hố có nắp che.","machine"
"steps.drought-store.why","Every litre saved now is a litre you do not have to carry later.","Mỗi lít nước để dành bây giờ là một lít bạn không phải đi lấy sau này.","machine"
"steps.drought-seed.text","Ask your extension officer about early-maturing or drought-tolerant seed.","Hãy hỏi cán bộ khuyến nông về giống ngắn ngày hoặc giống chịu khô hạn.","machine"
"steps.drought-seed.why","Short-season crops can finish before the rains stop.","Cây ngắn ngày có thể thu hoạch xong trước khi hết mưa.","machine"
"steps.drought-plant.text","Plant staggered: some early, some at normal time, not all at once.","Trồng rải thành nhiều đợt: một phần sớm, một phần vào thời điểm thường lệ, không trồng hết cùng một lúc.","machine"
"steps.drought-plant.why","Spreads the risk of a false start to the rains.","Cách này chia bớt rủi ro nếu mùa mưa bắt đầu rồi lại tạnh.","machine"
"steps.drought-fodder.text","Cut and store extra fodder; consider selling weak animals early.","Hãy cắt và trữ thêm cỏ cho gia súc; nên tính đến việc bán sớm những con yếu.","machine"
"steps.drought-fodder.why","Prices fall once everyone sells at the same time.","Giá sẽ giảm khi mọi người cùng bán một lúc.","machine"
"steps.drought-food.text","Buy staple food a little at a time now while prices are normal.","Bây giờ hãy mua lương thực chính từng ít một, khi giá còn bình thường.","machine"
"steps.drought-food.why","Food prices rise fastest when harvests fail.","Giá lương thực tăng nhanh nhất khi mất mùa.","machine"
"steps.drought-share.text","Agree with neighbours how a shared well or tank will be rationed.","Hãy cùng người ở gần nhà thống nhất cách chia nước từ giếng hoặc bồn dùng chung.","machine"
"steps.drought-share.why","Agreed rules prevent conflict when water gets short.","Có quy định đã thống nhất sẽ tránh tranh chấp khi thiếu nước.","machine"
"steps.droughtne-store.text","Store water and plan irrigation if you are in the north or east.","Hãy trữ nước và lên kế hoạch tưới nếu bạn ở miền bắc hoặc miền đông.","machine"
"steps.droughtne-store.why","El Niño summers are often dry there.","Ở đó, mùa hè có El Niño thường khô.","machine"
"steps.water-reuse.text","Reuse washing water for gardens and toilets.","Dùng lại nước giặt rửa để tưới cây và dội nhà vệ sinh.","machine"
"steps.water-reuse.why","Cuts household water use by a third.","Cách này giảm khoảng một phần ba lượng nước gia đình dùng.","machine"
"steps.water-schedule.text","Learn your city's water rationing schedule and fill containers on supply days.","Hãy tìm hiểu lịch cấp nước theo phiên của thành phố và hứng đầy các đồ chứa vào ngày có nước.","machine"
"steps.water-schedule.why","Cities ration during dry seasons; knowing the day avoids empty taps.","Các thành phố cấp nước theo phiên trong mùa khô; biết ngày có nước để không bị mở vòi mà không có nước.","machine"
"steps.fire-clear.text","Clear dry grass and brush at least 10 metres around buildings.","Dọn cỏ khô và bụi cây trong phạm vi ít nhất 10 mét quanh nhà và các công trình.","machine"
"steps.fire-clear.why","A cleared strip stops most grass fires reaching a house.","Một dải đất trống chặn được phần lớn các đám cháy cỏ lan tới nhà.","machine"
"steps.fire-noburn.text","Do not burn fields or rubbish on hot, windy days.","Không đốt đồng hoặc đốt rác vào những ngày nắng nóng và có gió.","machine"
"steps.fire-noburn.why","Most large fires start as a controlled burn that escaped.","Phần lớn các đám cháy lớn bắt đầu từ một vụ đốt có kiểm soát nhưng bị cháy lan.","machine"
"steps.bush-plan.text","Make a leave-early plan and follow your fire service's danger ratings.","Hãy lập kế hoạch đi sớm và theo mức cảnh báo nguy hiểm của cơ quan cứu hỏa.","machine"
"steps.bush-plan.why","Leaving late is the most dangerous choice in a bushfire.","Đi muộn là lựa chọn nguy hiểm nhất khi có cháy rừng.","machine"
"steps.wild-plan.text","Prepare an evacuation bag and know two ways out of your area.","Chuẩn bị một túi đồ để sơ tán và biết hai đường ra khỏi khu vực của bạn.","machine"
"steps.wild-plan.why","Wildfires can close the main road within minutes.","Cháy rừng có thể làm đường chính bị chặn chỉ trong vài phút.","machine"
"steps.haze-mask.text","Keep masks for smoke days and a room that can be closed off.","Hãy để sẵn khẩu trang cho những ngày có khói và có một phòng có thể đóng kín.","machine"
"steps.haze-mask.why","Smoke haze harms children and the elderly most.","Khói mù gây hại nhiều nhất cho trẻ em và người già.","machine"
"steps.heat-hours.text","Move hard work to early morning and late afternoon.","Chuyển việc nặng sang sáng sớm và chiều muộn.","machine"
"steps.heat-hours.why","Heat illness peaks in the middle of the day.","Bệnh do nóng xảy ra nhiều nhất vào giữa trưa.","machine"
"steps.heat-check.text","Check daily on elderly neighbours and people living alone.","Mỗi ngày hãy ghé xem người già ở gần nhà và người sống một mình.","machine"
"steps.heat-check.why","Most heat deaths happen quietly at home.","Phần lớn ca tử vong do nóng xảy ra âm thầm ở nhà.","machine"
"steps.heat-water.text","Drink water often, before you feel thirsty.","Hãy uống nước thường xuyên, trước khi cảm thấy khát.","machine"
"steps.heat-water.why","Thirst comes late when the body is already short of water.","Cơn khát đến muộn, khi cơ thể đã thiếu nước.","machine"
"steps.disease-water.text","Boil or treat drinking water when floods reach wells or pipes.","Hãy đun sôi hoặc xử lý nước uống khi nước lụt tràn vào giếng hoặc đường ống.","machine"
"steps.disease-water.why","Cholera and diarrhoea spread through flood water.","Bệnh tả và tiêu chảy lây qua nước lụt.","machine"
"steps.disease-mosquito.text","Empty standing water around the home every few days and use nets.","Vài ngày một lần, hãy đổ hết nước đọng quanh nhà và dùng màn chống muỗi.","machine"
"steps.disease-mosquito.why","Mosquito diseases rise after heavy rain.","Các bệnh do muỗi truyền tăng lên sau mưa lớn.","machine"
"steps.cholera-ors.text","Keep oral rehydration salts at home and know the nearest clinic.","Hãy trữ gói bù nước (oresol) ở nhà và biết trạm y tế gần nhất.","machine"
"steps.cholera-ors.why","Fast rehydration saves lives in cholera outbreaks.","Bù nước nhanh cứu được tính mạng trong đợt dịch tả.","machine"
"steps.rvf-animals.text","Report sudden animal deaths or abortions to a vet, and avoid handling sick animals.","Hãy báo cho bác sĩ thú y khi vật nuôi chết đột ngột hoặc bị sảy thai, và tránh chạm vào con vật đang bị bệnh.","machine"
"steps.rvf-animals.why","Rift Valley fever spreads to people from sick livestock after floods.","Bệnh sốt Rift Valley lây từ vật nuôi bị bệnh sang người sau lũ lụt.","machine"
"steps.crop-mulch.text","Mulch fields to hold soil moisture.","Phủ rơm rạ hoặc lá lên ruộng để giữ ẩm cho đất.","machine"
"steps.crop-mulch.why","Mulch can keep soil moist for an extra week or two.","Lớp phủ có thể giữ đất ẩm thêm một đến hai tuần.","machine"
"steps.cropfail-diversify.text","Plant a mix of crops, including some that need less water.","Hãy trồng nhiều loại cây khác nhau, trong đó có loại cần ít nước.","machine"
"steps.cropfail-diversify.why","One failed crop hurts less when others survive.","Một loại cây mất mùa sẽ ít thiệt hại hơn khi các loại khác vẫn sống.","machine"
"steps.cropfail-insurance.text","Ask about crop insurance or a farmer group support scheme before planting.","Trước khi trồng, hãy hỏi về bảo hiểm cây trồng hoặc chương trình hỗ trợ của nhóm nông dân.","machine"
"steps.cropfail-insurance.why","Most schemes close their sign-up before the season starts.","Phần lớn các chương trình đóng đăng ký trước khi vụ mùa bắt đầu.","machine"
"steps.food-network.text","Find out which local groups give food or cash support and how to register.","Hãy tìm hiểu nhóm nào ở địa phương hỗ trợ lương thực hoặc tiền, và cách đăng ký.","machine"
"steps.food-network.why","Registering early avoids queues when help arrives.","Đăng ký sớm để không phải xếp hàng chờ khi hàng cứu trợ tới.","machine"
"steps.hurr-kit.text","Prepare a hurricane kit: water, food, torch, radio, medicines, documents.","Chuẩn bị túi đồ dùng cho bão: nước, thức ăn, đèn pin, radio, thuốc, giấy tờ.","machine"
"steps.hurr-kit.why","Shops and power may be out for days after a storm.","Sau bão, cửa hàng có thể đóng và điện có thể mất trong nhiều ngày.","machine"
"steps.hurr-shelter.text","Know your nearest shelter and how you will get there.","Hãy biết nơi trú bão gần nhất và cách bạn sẽ đến đó.","machine"
"steps.hurr-shelter.why","Shelters fill fast once a warning is issued.","Nơi trú bão sẽ đầy nhanh khi có cảnh báo.","machine"
"steps.typh-kit.text","Prepare a typhoon kit: water, food, torch, radio, medicines, documents.","Chuẩn bị túi đồ dùng cho bão: nước, thức ăn, đèn pin, radio, thuốc, giấy tờ.","machine"
"steps.typh-kit.why","Shops and power may be out for days after a storm.","Sau bão, cửa hàng có thể đóng và điện có thể mất trong nhiều ngày.","machine"
"steps.typh-boats.text","Fishers: agree a safe harbour plan and follow no-sail warnings.","Người đi biển: hãy thống nhất kế hoạch vào nơi trú an toàn và tuân theo lệnh cấm ra khơi.","machine"
"steps.typh-boats.why","Most typhoon deaths at sea are boats caught out.","Phần lớn ca tử vong trên biển trong bão là những thuyền còn ở ngoài khơi.","machine"
"steps.cyc-kit.text","Prepare a cyclone kit: water, food, torch, radio, medicines, documents.","Chuẩn bị túi đồ dùng cho bão: nước, thức ăn, đèn pin, radio, thuốc, giấy tờ.","machine"
"steps.cyc-kit.why","Shops and power may be out for days after a storm.","Sau bão, cửa hàng có thể đóng và điện có thể mất trong nhiều ngày.","machine"
"steps.cyc-roof.text","Tie down or repair loose roofing before the season.","Buộc chặt hoặc sửa lại phần mái bị lỏng trước mùa bão.","machine"
"steps.cyc-roof.why","Loose roof sheets are the main cause of cyclone damage and injury.","Tấm lợp mái bị lỏng là nguyên nhân chính gây hư hại và thương tích khi có bão.","machine"
"steps.cycmoz-plan.text","Know your evacuation route and shelter before the cyclone season.","Hãy biết đường sơ tán và nơi trú ẩn của bạn trước mùa bão.","machine"
"steps.cycmoz-plan.why","Cyclones in the Mozambique Channel bring floods far inland.","Bão ở eo biển Mozambique gây lũ vào sâu trong đất liền.","machine"
"steps.cycshift-plan.text","Prepare for cyclones even if your island is rarely hit.","Hãy chuẩn bị cho bão, ngay cả khi đảo của bạn ít khi bị bão.","machine"
"steps.cycshift-plan.why","During El Niño, cyclones form and travel farther east than usual.","Trong thời kỳ El Niño, bão hình thành và đi xa về phía đông hơn bình thường.","machine"
"steps.storm-trees.text","Trim weak branches and secure loose items outdoors.","Cắt tỉa cành cây yếu và buộc chặt các đồ vật để ngoài trời.","machine"
"steps.storm-trees.why","Falling branches cause most storm damage to homes.","Cành cây rơi gây phần lớn thiệt hại cho nhà cửa khi có giông bão.","machine"
"steps.seas-move.text","Move valuables and sleeping areas away from the shoreline during king tides.","Chuyển đồ có giá trị và chỗ ngủ ra xa bờ biển trong những ngày triều cường.","machine"
"steps.seas-move.why","Sea level is higher than normal on Pacific atolls during El Niño.","Mực nước biển ở các đảo san hô vòng Thái Bình Dương cao hơn bình thường trong thời kỳ El Niño.","machine"
"steps.salt-store.text","Store fresh water before the dry season; test wells for salt.","Trữ nước ngọt trước mùa khô; kiểm tra xem giếng có bị mặn không.","machine"
"steps.salt-store.why","Low river flow lets sea water push into wells and canals.","Dòng chảy sông thấp làm nước biển đẩy vào giếng và kênh.","machine"
"steps.frost-cover.text","Cover seedlings at night and keep seed for replanting.","Che cây con vào ban đêm và giữ lại hạt giống để trồng lại.","machine"
"steps.frost-cover.why","Highland frost during dry spells can kill a whole crop overnight.","Sương giá ở vùng núi cao trong đợt khô hạn có thể làm chết cả vụ mùa chỉ trong một đêm.","machine"
"steps.snow-water.text","Expect lower rivers next summer; plan irrigation and water use early.","Mùa hè năm sau sông có thể ít nước hơn; hãy lên kế hoạch tưới và dùng nước sớm.","machine"
"steps.snow-water.why","Less winter snow means less water later in the year.","Mùa đông ít tuyết nghĩa là về sau trong năm sẽ có ít nước hơn.","machine"
"steps.snow-kit.text","Keep extra food, heating fuel and medicines in case roads close.","Hãy để dành thêm thức ăn, nhiên liệu sưởi và thuốc, phòng khi đường bị chặn.","machine"
"steps.snow-kit.why","Heavy snow can cut off towns for days.","Tuyết dày có thể làm các thị trấn bị cô lập trong nhiều ngày.","machine"
"steps.cold-heat.text","Check heating, insulation and warm clothing before winter.","Kiểm tra thiết bị sưởi, lớp giữ ấm cho nhà và quần áo ấm trước mùa đông.","machine"
"steps.cold-heat.why","Cold snaps hit older people and babies hardest.","Đợt lạnh ảnh hưởng nặng nhất đến người già và trẻ nhỏ.","machine"
"steps.spring-melt.text","Expect higher rivers in spring when heavy snow melts.","Vào mùa xuân, khi tuyết dày tan, nước sông có thể lên cao.","machine"
"steps.spring-melt.why","A snowy winter often means spring floods.","Mùa đông nhiều tuyết thường dẫn đến lũ vào mùa xuân.","machine"
"steps.mild-pests.text","Watch for more pests and mould; a mild winter kills fewer of them.","Hãy chú ý sâu bệnh và nấm mốc nhiều hơn; mùa đông ấm giết ít sâu bệnh hơn.","machine"
"steps.mild-pests.why","Cold normally keeps pests and disease in check.","Trời lạnh bình thường giúp hạn chế sâu bệnh và dịch bệnh.","machine"
"steps.cool-crop.text","Choose crop varieties that ripen in a cooler, wetter summer.","Chọn giống cây chín được trong mùa hè mát hơn và ẩm hơn.","machine"
"steps.cool-crop.why","Cool summers delay ripening and increase crop disease.","Mùa hè mát làm cây chín chậm và làm bệnh cây tăng lên.","machine"
"steps.always-official.text","Follow your national weather service for warnings; this briefing is a seasonal outlook, not a warning.","Hãy theo dõi cơ quan khí tượng quốc gia để nhận cảnh báo; bản tin này là dự báo mùa, không phải cảnh báo.","machine"
"steps.always-official.why","Only official services issue alerts for specific days and places.","Chỉ cơ quan chính thức mới đưa ra cảnh báo cho từng ngày và từng nơi cụ thể.","machine"
"steps.always-share.text","Tell one neighbour what this season may bring.","Hãy nói cho một người hàng xóm biết mùa này có thể xảy ra điều gì.","machine"
"steps.always-share.why","Communities that talk about risk early prepare better.","Cộng đồng nói về rủi ro từ sớm sẽ chuẩn bị tốt hơn.","machine"
"regions.peru-ecuador-coast.name","Coastal Peru and Ecuador","Vùng ven biển Peru và Ecuador","machine"
"regions.peru-ecuador-coast.el_nino_note","Warm coastal water brings heavy rain to a normally dry coast. 1982-83, 1997-98 and 2017 brought severe floods.","Nước biển ven bờ ấm mang mưa lớn đến vùng ven biển vốn khô. Các năm 1982-83, 1997-98 và 2017 đã có lũ nặng.","machine"
"regions.peru-ecuador-coast.la_nina_note","Cooler sea and drier coast.","Biển mát hơn và bờ biển khô hơn.","machine"
"regions.northern-south-america.name","Northern South America and the Amazon","Bắc Nam Mỹ và vùng Amazon","machine"
"regions.northern-south-america.el_nino_note","Weaker rains and heat raise fire and river-low-water risk across the Orinoco and Amazon basins.","Mưa yếu hơn và trời nóng làm tăng nguy cơ cháy và nguy cơ sông cạn nước ở lưu vực Orinoco và Amazon.","machine"
"regions.northern-south-america.la_nina_note","Heavier rains, especially in Colombia and Venezuela.","Mưa nhiều hơn, nhất là ở Colombia và Venezuela.","machine"
"regions.northeast-brazil.name","Northeast Brazil (Nordeste)","Đông Bắc Brazil (Nordeste)","machine"
"regions.northeast-brazil.el_nino_note","The main rainy season often fails or comes late in strong El Niño years.","Mùa mưa chính thường không đến hoặc đến muộn trong những năm El Niño mạnh.","machine"
"regions.northeast-brazil.la_nina_note","Rainy season tends to be stronger.","Mùa mưa thường mạnh hơn.","machine"
"regions.southeast-south-america.name","Southeastern South America","Đông Nam Nam Mỹ","machine"
"regions.southeast-south-america.el_nino_note","Southern Brazil, Uruguay, northeastern Argentina and Paraguay usually get heavy spring and summer rain and river floods.","Miền nam Brazil, Uruguay, đông bắc Argentina và Paraguay thường có mưa lớn vào mùa xuân và mùa hè, cùng với lũ sông.","machine"
"regions.southeast-south-america.la_nina_note","Drier spring and summer; crop stress is common.","Mùa xuân và mùa hè khô hơn; cây trồng thường bị thiếu nước.","machine"
"regions.central-chile.name","Central Chile","Miền trung Chile","machine"
"regions.central-chile.el_nino_note","Winter storms tend to be wetter.","Các cơn bão mùa đông thường mang nhiều mưa hơn.","machine"
"regions.central-chile.la_nina_note","Winter rains tend to be weak.","Mưa mùa đông thường yếu.","machine"
"regions.altiplano.name","Andean highlands (Altiplano)","Vùng cao Andes (Altiplano)","machine"
"regions.altiplano.el_nino_note","Summer rains tend to be weaker on the high plateau; the coast below can be wet at the same time.","Mưa mùa hè thường yếu hơn trên cao nguyên; cùng lúc đó vùng ven biển bên dưới có thể mưa nhiều.","machine"
"regions.altiplano.la_nina_note","Signal is weak and varies.","Dấu hiệu yếu và thay đổi nhiều.","machine"
"regions.central-america-dry-corridor.name","Central America and southern Mexico","Trung Mỹ và miền nam Mexico","machine"
"regions.central-america-dry-corridor.el_nino_note","Rainy season starts late and the mid-summer dry spell (canícula) is longer, especially in the Dry Corridor.","Mùa mưa bắt đầu muộn và đợt khô giữa mùa hè (canícula) kéo dài hơn, nhất là ở Hành lang Khô.","machine"
"regions.central-america-dry-corridor.la_nina_note","More rain and a more active Atlantic hurricane season.","Mưa nhiều hơn và mùa bão Đại Tây Dương hoạt động mạnh hơn.","machine"
"regions.caribbean.name","Caribbean islands","Các đảo Caribe","machine"
"regions.caribbean.el_nino_note","Drier wet season and usually fewer Atlantic hurricanes.","Mùa mưa khô hơn và thường có ít bão Đại Tây Dương hơn.","machine"
"regions.caribbean.la_nina_note","More active Atlantic hurricane season.","Mùa bão Đại Tây Dương hoạt động mạnh hơn.","machine"
"regions.southern-us-north-mexico.name","Southern United States and northern Mexico","Miền nam Hoa Kỳ và miền bắc Mexico","machine"
"regions.southern-us-north-mexico.el_nino_note","A stronger jet stream steers more winter storms across California, the Southwest, Texas, the Gulf coast and the Southeast.","Dòng gió mạnh trên cao đưa nhiều cơn bão mùa đông đi qua California, vùng Tây Nam, Texas, bờ Vịnh và vùng Đông Nam.","machine"
"regions.southern-us-north-mexico.la_nina_note","Winter tends to be dry and warm across the southern states.","Mùa đông ở các bang miền nam thường khô và ấm.","machine"
"regions.us-pacific-northwest.name","Pacific Northwest and western Canada","Vùng Tây Bắc Thái Bình Dương và miền tây Canada","machine"
"regions.us-pacific-northwest.el_nino_note","Milder, drier winters and less mountain snow.","Mùa đông ấm hơn, khô hơn và ít tuyết trên núi hơn.","machine"
"regions.us-pacific-northwest.la_nina_note","Cooler, wetter winters with more snow.","Mùa đông mát hơn, ẩm ướt hơn và nhiều tuyết hơn.","machine"
"regions.northern-us-southern-canada.name","Northern United States and southern Canada","Miền bắc Hoa Kỳ và miền nam Canada","machine"
"regions.northern-us-southern-canada.el_nino_note","Winters tend to be milder than usual across the northern Plains, Midwest and Great Lakes.","Mùa đông thường ấm hơn bình thường ở vùng Đồng bằng phía bắc, vùng Trung Tây và vùng Ngũ Đại Hồ.","machine"
"regions.northern-us-southern-canada.la_nina_note","Colder, snowier winters in the northern tier and Ohio Valley.","Mùa đông lạnh hơn và nhiều tuyết hơn ở dải phía bắc và thung lũng sông Ohio.","machine"
"regions.alaska.name","Alaska","Alaska","machine"
"regions.alaska.el_nino_note","Winters are usually much warmer than normal.","Mùa đông thường ấm hơn bình thường rất nhiều.","machine"
"regions.alaska.la_nina_note","Colder winters.","Mùa đông lạnh hơn.","machine"
"regions.hawaii.name","Hawaii","Hawaii","machine"
"regions.hawaii.el_nino_note","Wet season is often weak; drought risk rises in late winter and spring.","Mùa mưa thường yếu. Nguy cơ hạn hán tăng lên vào cuối mùa đông và mùa xuân.","machine"
"regions.hawaii.la_nina_note","Wetter winters.","Mùa đông nhiều mưa hơn.","machine"
"regions.india-monsoon.name","India, Pakistan, Nepal and Bangladesh (summer monsoon)","Ấn Độ, Pakistan, Nepal và Bangladesh (gió mùa mùa hè)","machine"
"regions.india-monsoon.el_nino_note","The summer monsoon tends to be weaker and patchier. Not every El Niño brings drought, but the risk is clearly higher.","Gió mùa mùa hè thường yếu hơn và mưa rải rác hơn. Không phải El Niño nào cũng gây hạn hán, nhưng nguy cơ rõ ràng cao hơn.","machine"
"regions.india-monsoon.la_nina_note","Monsoon tends to be stronger with more floods.","Gió mùa thường mạnh hơn và có nhiều lũ hơn.","machine"
"regions.sri-lanka-south-india.name","Sri Lanka and southern India (northeast monsoon)","Sri Lanka và miền nam Ấn Độ (gió mùa đông bắc)","machine"
"regions.sri-lanka-south-india.el_nino_note","The October-December rains tend to be heavier.","Mưa từ tháng 10 đến tháng 12 thường lớn hơn.","machine"
"regions.sri-lanka-south-india.la_nina_note","Weak signal.","Tín hiệu yếu.","machine"
"regions.maritime-continent.name","Indonesia, Malaysia, Singapore, Brunei and Timor-Leste","Indonesia, Malaysia, Singapore, Brunei và Timor-Leste","machine"
"regions.maritime-continent.el_nino_note","The dry season is longer and harsher and the rainy season starts late. Forest and peat fires and smoke haze were severe in 1997 and 2015.","Mùa khô dài hơn và gay gắt hơn, mùa mưa bắt đầu muộn. Cháy rừng, cháy than bùn và khói mù rất nặng vào năm 1997 và 2015.","machine"
"regions.maritime-continent.la_nina_note","Wetter dry season and heavier rainy season.","Mùa khô nhiều mưa hơn và mùa mưa mưa nhiều hơn.","machine"
"regions.philippines.name","Philippines","Philippines","machine"
"regions.philippines.el_nino_note","Rain falls below normal from late in the year through the following dry season. Typhoons tend to form farther east and can be stronger.","Mưa ít hơn bình thường từ cuối năm cho đến hết mùa khô năm sau. Bão thường hình thành xa hơn về phía đông và có thể mạnh hơn.","machine"
"regions.philippines.la_nina_note","Wetter, with more typhoons crossing the islands.","Nhiều mưa hơn, và có nhiều bão đi qua các đảo hơn.","machine"
"regions.mainland-southeast-asia.name","Vietnam, Thailand, Cambodia, Laos and Myanmar","Việt Nam, Thái Lan, Campuchia, Lào và Myanmar","machine"
"regions.mainland-southeast-asia.el_nino_note","Hotter, drier dry season; late monsoon onset; low Mekong flows and salt intrusion in the delta.","Mùa khô nóng hơn và khô hơn; gió mùa đến muộn; dòng chảy sông Mê Công thấp và nước mặn vào sâu trong vùng đồng bằng.","machine"
"regions.mainland-southeast-asia.la_nina_note","Wetter monsoon and more floods.","Mùa gió mùa nhiều mưa hơn và có nhiều lũ hơn.","machine"
"regions.southern-china.name","Southern China and the Yangtze basin","Miền nam Trung Quốc và lưu vực sông Dương Tử","machine"
"regions.southern-china.el_nino_note","Wetter winter and spring, and the summer after a strong El Niño often brings Yangtze flooding (1998, 2016).","Mùa đông và mùa xuân nhiều mưa hơn. Mùa hè sau một đợt El Niño mạnh thường có lũ trên sông Dương Tử (1998, 2016).","machine"
"regions.southern-china.la_nina_note","Colder, drier winters; signal is variable.","Mùa đông lạnh hơn và khô hơn; tín hiệu thay đổi tùy năm.","machine"
"regions.northern-china-korea-japan.name","Northern China, Korea and Japan","Miền bắc Trung Quốc, bán đảo Triều Tiên và Nhật Bản","machine"
"regions.northern-china-korea-japan.el_nino_note","Winters lean mild; summer signal is weak and mixed.","Mùa đông thiên về ấm; tín hiệu mùa hè yếu và không rõ ràng.","machine"
"regions.northern-china-korea-japan.la_nina_note","Winters lean cold.","Mùa đông thiên về lạnh.","machine"
"regions.png-melanesia.name","Papua New Guinea, Solomon Islands and Vanuatu","Papua New Guinea, quần đảo Solomon và Vanuatu","machine"
"regions.png-melanesia.el_nino_note","Long dry spells; highland frost and crop loss in PNG in 1997 and 2015.","Có những đợt khô hạn kéo dài; vùng núi cao ở Papua New Guinea bị sương giá và mất mùa vào năm 1997 và 2015.","machine"
"regions.png-melanesia.la_nina_note","Wetter, with cyclones more likely to the west.","Nhiều mưa hơn, và bão xoáy có nhiều khả năng xảy ra ở phía tây hơn.","machine"
"regions.central-pacific-islands.name","Kiribati, Tuvalu, Nauru and the Marshall Islands","Kiribati, Tuvalu, Nauru và quần đảo Marshall","machine"
"regions.central-pacific-islands.el_nino_note","Rain moves toward the central Pacific; equatorial atolls become much wetter, with higher sea levels in some areas.","Mưa dịch chuyển về phía trung tâm Thái Bình Dương; các đảo san hô gần xích đạo có nhiều mưa hơn hẳn, và mực nước biển ở một số nơi cao hơn.","machine"
"regions.central-pacific-islands.la_nina_note","Severe drought on equatorial atolls.","Hạn hán nặng ở các đảo san hô gần xích đạo.","machine"
"regions.southwest-pacific-islands.name","Fiji, Tonga, Samoa, Cook Islands and New Caledonia","Fiji, Tonga, Samoa, quần đảo Cook và New Caledonia","machine"
"regions.southwest-pacific-islands.el_nino_note","The main rain band shifts northeast, so Fiji, Tonga and New Caledonia tend to be drier. Cyclones can reach farther east than usual.","Dải mưa chính dịch về phía đông bắc, nên Fiji, Tonga và New Caledonia thường khô hơn. Bão xoáy có thể đi xa về phía đông hơn bình thường.","machine"
"regions.southwest-pacific-islands.la_nina_note","Wetter wet season.","Mùa mưa nhiều mưa hơn.","machine"
"regions.eastern-australia.name","Eastern and northern Australia","Miền đông và miền bắc Australia","machine"
"regions.eastern-australia.el_nino_note","Winter and spring rain is usually well below normal, with more heatwaves and bushfire risk; the northern wet season starts later.","Mưa mùa đông và mùa xuân thường thấp hơn bình thường nhiều, có nhiều đợt nắng nóng hơn và nguy cơ cháy rừng cao hơn; mùa mưa ở miền bắc bắt đầu muộn hơn.","machine"
"regions.eastern-australia.la_nina_note","Wetter, with more floods and more tropical cyclones.","Nhiều mưa hơn, có nhiều lũ hơn và nhiều bão nhiệt đới hơn.","machine"
"regions.southwest-australia.name","Southwestern and southern Australia","Miền tây nam và miền nam Australia","machine"
"regions.southwest-australia.el_nino_note","Signal is weaker than in the east.","Tín hiệu yếu hơn so với miền đông.","machine"
"regions.southwest-australia.la_nina_note","Weak signal.","Tín hiệu yếu.","machine"
"regions.new-zealand.name","New Zealand","New Zealand","machine"
"regions.new-zealand.el_nino_note","Stronger westerly winds: drier in the northeast, wetter in the southwest, cooler overall.","Gió tây mạnh hơn: khô hơn ở phía đông bắc, nhiều mưa hơn ở phía tây nam, nhìn chung mát hơn.","machine"
"regions.new-zealand.la_nina_note","More northeasterly winds bring rain to the north and east.","Gió đông bắc nhiều hơn, mang mưa đến miền bắc và miền đông.","machine"
"regions.east-africa-short-rains.name","Kenya, Somalia, southern Ethiopia, Uganda and northern Tanzania","Kenya, Somalia, miền nam Ethiopia, Uganda và miền bắc Tanzania","machine"
"regions.east-africa-short-rains.el_nino_note","The October-December short rains are usually heavy, with flooding along rivers and in low areas. 1997 and 2023 saw severe floods.","Mùa mưa ngắn từ tháng 10 đến tháng 12 thường mưa lớn, gây lũ dọc các sông và ở vùng trũng. Năm 1997 và năm 2023 đã có lũ lớn.","machine"
"regions.east-africa-short-rains.la_nina_note","Short rains fail more often; repeated La Niña years led to the 2020-23 Horn of Africa drought.","Mùa mưa ngắn hay bị hụt mưa hơn; nhiều năm La Niña liên tiếp đã dẫn đến đợt hạn hán ở vùng Sừng châu Phi trong các năm 2020-2023.","machine"
"regions.ethiopia-sudan-summer.name","Ethiopian highlands, Eritrea and Sudan (summer rains)","Vùng cao nguyên Ethiopia, Eritrea và Sudan (mưa mùa hè)","machine"
"regions.ethiopia-sudan-summer.el_nino_note","The main kiremt rains tend to be weaker; 2015 brought a severe drought in Ethiopia.","Mùa mưa chính kiremt thường yếu hơn; năm 2015 có hạn hán nặng ở Ethiopia.","machine"
"regions.ethiopia-sudan-summer.la_nina_note","Weak tendency toward wetter summers.","Có xu hướng nhẹ là mùa hè nhiều mưa hơn.","machine"
"regions.southern-africa.name","Southern Africa","Miền nam châu Phi","machine"
"regions.southern-africa.el_nino_note","Summer rains are usually below normal with hot spells; maize harvests failed widely in 1992, 2016 and 2024.","Mưa mùa hè thường thấp hơn bình thường và có những đợt nóng; ngô mất mùa trên diện rộng vào các năm 1992, 2016 và 2024.","machine"
"regions.southern-africa.la_nina_note","Wetter summers with more floods.","Mùa hè nhiều mưa hơn và có nhiều lũ hơn.","machine"
"regions.madagascar.name","Madagascar","Madagascar","machine"
"regions.madagascar.el_nino_note","The south and west tend to be drier; cyclone activity shifts.","Miền nam và miền tây thường khô hơn; hoạt động của bão xoáy dịch chuyển.","machine"
"regions.madagascar.la_nina_note","Weak tendency toward wetter.","Có xu hướng nhẹ là nhiều mưa hơn.","machine"
"regions.sahel.name","The Sahel and northern Nigeria","Vùng Sahel và miền bắc Nigeria","machine"
"regions.sahel.el_nino_note","Tendency toward a weaker rainy season, but Atlantic and Indian Ocean temperatures matter more here.","Mùa mưa có xu hướng yếu hơn, nhưng ở đây nhiệt độ Đại Tây Dương và Ấn Độ Dương quan trọng hơn.","machine"
"regions.sahel.la_nina_note","Weak tendency toward wetter.","Có xu hướng yếu là mưa nhiều hơn.","machine"
"regions.gulf-of-guinea.name","West African coast (Gulf of Guinea)","Bờ biển Tây Phi (vịnh Guinea)","machine"
"regions.gulf-of-guinea.el_nino_note","No reliable rainfall signal; slightly warmer.","Không có dấu hiệu đáng tin cậy về mưa; trời ấm hơn một chút.","machine"
"regions.gulf-of-guinea.la_nina_note","No reliable signal.","Không có dấu hiệu đáng tin cậy.","machine"
"regions.central-africa.name","Central Africa (Congo basin)","Trung Phi (lưu vực sông Congo)","machine"
"regions.central-africa.el_nino_note","Weak rainfall signal; warmer than normal is common.","Dấu hiệu về mưa yếu; trời thường nóng hơn bình thường.","machine"
"regions.central-africa.la_nina_note","No reliable signal.","Không có dấu hiệu đáng tin cậy.","machine"
"regions.southwest-asia.name","Iran, Iraq, Afghanistan, northern Pakistan and the Arabian Peninsula","Iran, Iraq, Afghanistan, miền bắc Pakistan và bán đảo Ả Rập","machine"
"regions.southwest-asia.el_nino_note","Winter and spring rains tend to be heavier, sometimes causing flash floods in dry areas.","Mưa mùa đông và mùa xuân thường nhiều hơn, có lúc gây lũ quét ở những vùng khô.","machine"
"regions.southwest-asia.la_nina_note","Winter rains and snow tend to be weak; drought risk rises.","Mưa và tuyết mùa đông thường ít; nguy cơ hạn hán tăng lên.","machine"
"regions.central-asia.name","Central Asia","Trung Á","machine"
"regions.central-asia.el_nino_note","Weak tendency toward wetter winters.","Có xu hướng yếu là mùa đông mưa nhiều hơn.","machine"
"regions.central-asia.la_nina_note","Weak tendency toward drier winters.","Có xu hướng yếu là mùa đông khô hơn.","machine"
"regions.north-africa-mediterranean.name","North Africa and the Mediterranean","Bắc Phi và vùng Địa Trung Hải","machine"
"regions.north-africa-mediterranean.el_nino_note","ENSO has little consistent effect here. Local forecasts matter more.","Ở đây ENSO ít có ảnh hưởng ổn định. Dự báo của địa phương quan trọng hơn.","machine"
"regions.north-africa-mediterranean.la_nina_note","No reliable signal.","Không có dấu hiệu đáng tin cậy.","machine"
"regions.europe.name","Europe","Châu Âu","machine"
"regions.europe.el_nino_note","Any effect is weak and inconsistent. Use your national forecast.","Ảnh hưởng, nếu có, thì yếu và không ổn định. Hãy dùng dự báo của nước bạn.","machine"
"regions.europe.la_nina_note","Weak, inconsistent effect.","Ảnh hưởng yếu và không ổn định.","machine"
"regions.russia-siberia.name","Russia and Siberia","Nga và Siberia","machine"
"regions.russia-siberia.el_nino_note","No reliable signal.","Không có dấu hiệu đáng tin cậy.","machine"
"regions.russia-siberia.la_nina_note","No reliable signal.","Không có dấu hiệu đáng tin cậy.","machine"
"regions.canada-arctic.name","Northern Canada and Greenland","Miền bắc Canada và Greenland","machine"
"regions.canada-arctic.el_nino_note","Western and central Canada usually have milder winters.","Miền tây và miền trung Canada thường có mùa đông đỡ lạnh hơn.","machine"
"regions.canada-arctic.la_nina_note","Colder winters in western Canada.","Mùa đông lạnh hơn ở miền tây Canada.","machine"
"regions.southeast-brazil.name","Southeastern Brazil (São Paulo, Rio, Minas Gerais)","Đông nam Brazil (São Paulo, Rio, Minas Gerais)","machine"
"regions.southeast-brazil.el_nino_note","Sits between the wet south and the dry north; rain signal is mixed, heat is more likely.","Nằm giữa miền nam mưa nhiều và miền bắc khô; dấu hiệu về mưa không rõ, còn trời nóng thì dễ xảy ra hơn.","machine"
"regions.southeast-brazil.la_nina_note","Mixed signal.","Dấu hiệu không rõ ràng.","machine"
"regions.mexico-north-us-southwest.name","US Southwest and northwestern Mexico","Tây nam Hoa Kỳ và tây bắc Mexico","machine"
"regions.mexico-north-us-southwest.el_nino_note","Wetter winters across Arizona, New Mexico, Texas and northern Mexico.","Mùa đông mưa nhiều hơn ở Arizona, New Mexico, Texas và miền bắc Mexico.","machine"
"regions.mexico-north-us-southwest.la_nina_note","Dry, warm winters; drought risk rises.","Mùa đông khô và ấm; nguy cơ hạn hán tăng lên.","machine"
"regions.south-atlantic-uruguay.name","Uruguay and the Pampas","Uruguay và vùng Pampas","machine"
"regions.south-atlantic-uruguay.el_nino_note","Spring rains are usually heavy.","Mưa mùa xuân thường nhiều.","machine"
"regions.south-atlantic-uruguay.la_nina_note","Drought risk is high; 2022-23 was severe.","Nguy cơ hạn hán cao; đợt năm 2022-23 rất nặng.","machine"
"regions.tanzania-south-mozambique-north.name","Southern Tanzania and northern Mozambique","Miền nam Tanzania và miền bắc Mozambique","machine"
"regions.tanzania-south-mozambique-north.el_nino_note","On the border between wetter East Africa and drier Southern Africa; local outlooks matter.","Nằm ở ranh giới giữa Đông Phi mưa nhiều hơn và Nam Phi khô hơn; dự báo của địa phương rất quan trọng.","machine"
"regions.tanzania-south-mozambique-north.la_nina_note","Mixed signal.","Dấu hiệu không rõ ràng.","machine"
"regions.japan.name","Japan","Nhật Bản","machine"
"regions.japan.el_nino_note","Mild winters and cool, wet summers are somewhat more common.","Mùa đông đỡ lạnh và mùa hè mát, nhiều mưa xảy ra nhiều hơn một chút.","machine"
"regions.japan.la_nina_note","Cold winters and hot summers are somewhat more common.","Mùa đông lạnh và mùa hè nóng xảy ra nhiều hơn một chút.","machine"
"forecast_confident","Seasonal forecasts have been reliable here in past years, so this forecast can be trusted.","Những năm trước, dự báo theo mùa ở đây đã đáng tin cậy, nên bạn có thể tin dự báo này.","machine"
"forecast_unreliable","Seasonal forecasts have not been reliable here in past years. Trust the pattern of past events more than this forecast.","Những năm trước, dự báo theo mùa ở đây đã không đáng tin cậy. Hãy tin vào quy luật của các sự kiện trước đây hơn là tin dự báo này.","machine"
"forecast_unchecked","Forecast reliability here has not been checked yet, so weigh this forecast together with what past events did.","Độ tin cậy của dự báo ở đây chưa được kiểm tra, nên hãy cân nhắc dự báo này cùng với những gì đã xảy ra trong các sự kiện trước đây.","machine"
"disagreement_trust_forecast","That is the opposite of the usual pattern. Forecasts here have been reliable, so trust the forecast this time.","Điều này ngược với quy luật thường thấy. Dự báo ở đây đã đáng tin cậy, nên lần này hãy tin dự báo.","machine"
"disagreement_trust_history","That is the opposite of the usual pattern. Forecasts here have not been reliable, so trust the pattern of past events.","Điều này ngược với quy luật thường thấy. Dự báo ở đây đã không đáng tin cậy, nên hãy tin vào quy luật của các sự kiện trước đây.","machine"
"disagreement_say_both","That is the opposite of the usual pattern. Neither signal is strong enough to rely on alone, so prepare for both.","Điều này ngược với quy luật thường thấy. Không tín hiệu nào đủ mạnh để dựa vào một mình, nên hãy chuẩn bị cho cả hai khả năng.","machine"
"history_count","In {k} of the last {n} strong {phase} events, {season} rain here was {dir} than normal.","Trong {k} trên {n} sự kiện {phase} mạnh gần đây nhất, mưa mùa {season} ở đây {dir} bình thường.","machine"
"history_mixed","In the last {n} strong {phase} events, {season} rain here went both ways.","Trong {n} sự kiện {phase} mạnh gần đây nhất, mưa mùa {season} ở đây có lúc nhiều hơn, có lúc ít hơn.","machine"
"dir_heavier","heavier","nhiều hơn","machine"
"dir_lighter","lighter","ít hơn","machine"
"conditions_rain","Over the last three months, rain here was {pct}.","Trong ba tháng qua, lượng mưa ở đây là {pct}.","machine"
"conditions_usdm","The US Drought Monitor currently shows {level} here.","US Drought Monitor (cơ quan theo dõi hạn hán của Hoa Kỳ) hiện cho thấy ở đây có {level}.","machine"
"usdm_levels","abnormally dry conditions | moderate drought | severe drought | extreme drought | exceptional drought","tình trạng khô bất thường | hạn hán trung bình | hạn hán nghiêm trọng | hạn hán rất nghiêm trọng | hạn hán đặc biệt nghiêm trọng","machine"
"prov_chip","{layer}: {source}, {as_of}","{layer}: {source}, {as_of}","machine"
"layers.forecast","Forecast","Dự báo","machine"
"layers.status","Event status","Trạng thái sự kiện","machine"
"layers.history","History","Lịch sử","machine"
"layers.events","Past events","Các sự kiện trước đây","machine"
"layers.conditions","Now","Hiện nay","machine"
"layers.crops","Crop calendar","Lịch mùa vụ","machine"
"layers.cyclones","Cyclones","Bão","machine"
"forecast_skill_partial","Seasonal forecasts have been only partly reliable here, so weigh this forecast together with what past events did.","Dự báo theo mùa ở đây chỉ đúng một phần, nên hãy cân nhắc dự báo này cùng với những gì đã xảy ra trong các sự kiện trước đây.","machine"
"dir_wetter","wetter","mưa nhiều hơn","machine"
"dir_drier","drier","khô hơn","machine"
"farmer_planting","The {dir}-than-normal season ({season}) overlaps the main {crop} planting time here ({window}).","Mùa {dir} bình thường ({season}) trùng với thời gian gieo trồng {crop} chính ở đây ({window}).","machine"
"farmer_harvest","The {dir}-than-normal season ({season}) overlaps the main {crop} harvest here ({window}).","Mùa {dir} bình thường ({season}) trùng với thời gian thu hoạch {crop} chính ở đây ({window}).","machine"
"cyclone_history","In strong El Niño years, about {n_en} tropical storms a year passed near here, compared with {n_neutral} in neutral years ({years}).","Trong những năm El Niño mạnh, mỗi năm có khoảng {n_en} cơn bão nhiệt đới đi qua gần khu vực này, so với {n_neutral} cơn trong những năm trung tính ({years}).","machine"
"cyclone_wnp","In El Niño years, typhoons in the western Pacific tend to form farther east and can be stronger.","Trong những năm El Niño, bão ở tây Thái Bình Dương thường hình thành xa hơn về phía đông và có thể mạnh hơn.","machine"
"crops.maize","maize","ngô","machine"
"crops.rice","rice","lúa","machine"
"crops.wheat","wheat","lúa mì","machine"
"crops.sorghum","sorghum","cao lương","machine"
"crops.millet","millet","kê","machine"
"crops.beans","beans","đậu","machine"
"crops.cassava","cassava","sắn","machine"
"crops.potato","potato","khoai tây","machine"
"crops.groundnut","groundnut","lạc","machine"
"crops.soybean","soybean","đậu tương","machine"
"crops.barley","barley","lúa mạch","machine"